,Crime,Date,Latitude,Longitude
0,CRIMINAL DAMAGE,2020-04-03T23:58:00.000,41.963521319,-87.708319806
1,THEFT,2020-04-03T23:55:00.000,41.764682386,-87.66378579200001
2,ROBBERY,2020-04-03T23:55:00.000,41.926879391,-87.650766841
3,PUBLIC PEACE VIOLATION,2020-04-03T23:54:00.000,41.778034384,-87.76259942200001
4,ASSAULT,2020-04-03T23:53:00.000,41.888092864,-87.755348129
5,OTHER OFFENSE,2020-04-03T23:45:00.000,41.792496598,-87.732943721
6,BATTERY,2020-04-03T23:40:00.000,41.762473766999996,-87.708709621
7,WEAPONS VIOLATION,2020-04-03T23:38:00.000,41.748737209,-87.600264583
8,BATTERY,2020-04-03T23:36:00.000,41.873765737,-87.699296047
9,BATTERY,2020-04-03T23:35:00.000,41.76661797,-87.64078229200001
10,CRIMINAL DAMAGE,2020-04-03T23:35:00.000,41.797832731999996,-87.646009744
11,CRIMINAL SEXUAL ASSAULT,2020-04-03T23:30:00.000,41.944628105999996,-87.721696799
12,ASSAULT,2020-04-03T23:30:00.000,41.886250518000004,-87.76339271
13,BATTERY,2020-04-03T23:30:00.000,41.724256394,-87.638435046
14,BATTERY,2020-04-03T23:30:00.000,41.906750761,-87.723990805
15,BATTERY,2020-04-03T23:30:00.000,41.900863893,-87.72441777899999
16,WEAPONS VIOLATION,2020-04-03T23:20:00.000,41.885456468,-87.712397438
17,ASSAULT,2020-04-03T23:20:00.000,41.839630557,-87.730506978
18,BATTERY,2020-04-03T23:17:00.000,41.966653193,-87.654795347
19,BATTERY,2020-04-03T23:15:00.000,41.862535492,-87.65219317200001
20,BATTERY,2020-04-03T23:15:00.000,41.850500286999996,-87.714963554
21,THEFT,2020-04-03T23:12:00.000,41.773054421,-87.644613656
22,BATTERY,2020-04-03T23:11:00.000,41.735418574,-87.601474904
23,BATTERY,2020-04-03T23:10:00.000,41.965909626999995,-87.669364213
24,CRIMINAL DAMAGE,2020-04-03T23:10:00.000,41.785842133,-87.731979131
25,WEAPONS VIOLATION,2020-04-03T23:09:00.000,41.702036437,-87.56322017299999
26,BATTERY,2020-04-03T23:03:00.000,41.770577359,-87.649841973
27,BATTERY,2020-04-03T23:02:00.000,41.735218425,-87.65332025200001
28,THEFT,2020-04-03T23:00:00.000,41.773426876,-87.670136017
29,CRIMINAL DAMAGE,2020-04-03T23:00:00.000,41.716517431999996,-87.622731926
30,BURGLARY,2020-04-03T23:00:00.000,41.877847257,-87.65338922299999
31,THEFT,2020-04-03T23:00:00.000,41.787220144,-87.70337263299999
32,ASSAULT,2020-04-03T23:00:00.000,41.861718384,-87.71284742
33,WEAPONS VIOLATION,2020-04-03T22:57:00.000,41.689449965,-87.537694205
34,BATTERY,2020-04-03T22:56:00.000,41.824928186,-87.674312031
35,BATTERY,2020-04-03T22:55:00.000,41.708242575999996,-87.639226455
36,CRIMINAL DAMAGE,2020-04-03T22:51:00.000,41.809526776999995,-87.606875005
37,OTHER OFFENSE,2020-04-03T22:50:00.000,41.93749426,-87.77921863600001
38,BATTERY,2020-04-03T22:50:00.000,41.768901522,-87.572703345
39,BATTERY,2020-04-03T22:45:00.000,41.891801459,-87.715505585
40,WEAPONS VIOLATION,2020-04-03T22:39:00.000,41.824523488000004,-87.607193465
41,CRIMINAL DAMAGE,2020-04-03T22:38:00.000,41.924638233,-87.662086581
42,CRIMINAL DAMAGE,2020-04-03T22:30:00.000,41.702938712,-87.619662566
43,THEFT,2020-04-03T22:30:00.000,41.886406836,-87.70699707200001
44,OTHER OFFENSE,2020-04-03T22:26:00.000,41.897616656,-87.762182382
45,BATTERY,2020-04-03T22:25:00.000,41.721623049,-87.62470134200001
46,CRIMINAL DAMAGE,2020-04-03T22:22:00.000,41.857095264,-87.651542444
47,MOTOR VEHICLE THEFT,2020-04-03T22:15:00.000,41.807838120999996,-87.72633754299999
48,WEAPONS VIOLATION,2020-04-03T22:15:00.000,41.853047174000004,-87.679331066
49,WEAPONS VIOLATION,2020-04-03T22:10:00.000,41.857680243000004,-87.674662315
50,BATTERY,2020-04-03T22:08:00.000,41.737938964,-87.601219122
51,BURGLARY,2020-04-03T22:05:00.000,41.981038176,-87.668375862
52,BATTERY,2020-04-03T22:00:00.000,41.882010768,-87.69458022200001
53,CRIMINAL SEXUAL ASSAULT,2020-04-03T22:00:00.000,41.953852531,-87.713208208
54,MOTOR VEHICLE THEFT,2020-04-03T22:00:00.000,41.746870222,-87.65276489799999
55,CRIMINAL DAMAGE,2020-04-03T22:00:00.000,41.93203312,-87.70661337
56,BATTERY,2020-04-03T22:00:00.000,41.783295697,-87.618929826
57,OTHER OFFENSE,2020-04-03T22:00:00.000,41.862488717,-87.654954321
58,BATTERY,2020-04-03T22:00:00.000,41.837576666,-87.68494538799999
59,THEFT,2020-04-03T22:00:00.000,41.896218609,-87.72610742
60,ASSAULT,2020-04-03T22:00:00.000,,
61,WEAPONS VIOLATION,2020-04-03T22:00:00.000,41.916875314,-87.754974591
62,BATTERY,2020-04-03T22:00:00.000,41.711417947,-87.650249296
63,BATTERY,2020-04-03T21:59:00.000,41.789517024,-87.69490523299999
64,BATTERY,2020-04-03T21:50:00.000,41.815416094,-87.703085396
65,BATTERY,2020-04-03T21:45:00.000,41.796832951,-87.665875361
66,CRIMINAL DAMAGE,2020-04-03T21:40:00.000,41.791780707,-87.656026758
67,BATTERY,2020-04-03T21:35:00.000,41.945776947,-87.646312335
68,CRIMINAL DAMAGE,2020-04-03T21:35:00.000,41.83750134,-87.66604375700001
69,CRIMINAL DAMAGE,2020-04-03T21:30:00.000,41.758203946,-87.582249051
70,MOTOR VEHICLE THEFT,2020-04-03T21:30:00.000,41.841855999,-87.628741678
71,ASSAULT,2020-04-03T21:30:00.000,41.690461674,-87.648768549
72,WEAPONS VIOLATION,2020-04-03T21:26:00.000,41.854441017,-87.712414888
73,ASSAULT,2020-04-03T21:25:00.000,41.751177563,-87.682876487
74,BATTERY,2020-04-03T21:24:00.000,42.009085964,-87.686036115
75,BATTERY,2020-04-03T21:24:00.000,41.764737154,-87.641531954
76,ASSAULT,2020-04-03T21:21:00.000,41.928020397,-87.766129983
77,THEFT,2020-04-03T21:20:00.000,41.920462936999996,-87.668461341
78,ROBBERY,2020-04-03T21:17:00.000,41.684587553,-87.634878944
79,WEAPONS VIOLATION,2020-04-03T21:17:00.000,41.897524798,-87.769136372
80,BATTERY,2020-04-03T21:15:00.000,41.81656186,-87.701841559
81,CRIMINAL DAMAGE,2020-04-03T21:10:00.000,41.986871119,-87.66958782799999
82,BATTERY,2020-04-03T21:03:00.000,41.899181962,-87.70762525200001
83,THEFT,2020-04-03T21:02:00.000,41.939848915,-87.658251563
84,CRIMINAL DAMAGE,2020-04-03T21:00:00.000,41.789677494,-87.665685575
85,DECEPTIVE PRACTICE,2020-04-03T21:00:00.000,41.992548282,-87.677125049
86,BATTERY,2020-04-03T21:00:00.000,41.831172871,-87.615931946
87,BATTERY,2020-04-03T21:00:00.000,41.88786856,-87.774906441
88,MOTOR VEHICLE THEFT,2020-04-03T21:00:00.000,41.884472413000005,-87.65024523299999
89,BATTERY,2020-04-03T21:00:00.000,41.960584701,-87.75868271200001
90,BATTERY,2020-04-03T21:00:00.000,41.762316394,-87.597749548
91,OFFENSE INVOLVING CHILDREN,2020-04-03T20:55:00.000,41.680500124,-87.659047274
92,CRIMINAL DAMAGE,2020-04-03T20:52:00.000,41.773042888,-87.61144405
93,MOTOR VEHICLE THEFT,2020-04-03T20:50:00.000,41.764062712,-87.694237602
94,BATTERY,2020-04-03T20:40:00.000,41.969356095,-87.717058673
95,BATTERY,2020-04-03T20:40:00.000,41.678104905,-87.617400224
96,OTHER OFFENSE,2020-04-03T20:34:00.000,42.012739369,-87.66890313100001
97,THEFT,2020-04-03T20:30:00.000,41.898745027,-87.658570794
98,BATTERY,2020-04-03T20:30:00.000,41.862559612,-87.721822445
99,MOTOR VEHICLE THEFT,2020-04-03T20:20:00.000,41.923008844,-87.761033666
100,ROBBERY,2020-04-03T20:10:00.000,41.692122131,-87.661346081
101,THEFT,2020-04-03T20:09:00.000,41.767121096,-87.582812195
102,BATTERY,2020-04-03T20:05:00.000,41.924902435999996,-87.76602531299999
103,WEAPONS VIOLATION,2020-04-03T20:02:00.000,41.900595711,-87.760840804
104,BURGLARY,2020-04-03T20:00:00.000,41.822679678,-87.61247536100001
105,CRIMINAL TRESPASS,2020-04-03T20:00:00.000,41.700355114000004,-87.531656916
106,ROBBERY,2020-04-03T20:00:00.000,41.779800967,-87.625377411
107,THEFT,2020-04-03T20:00:00.000,41.81035937,-87.71999725799999
108,MOTOR VEHICLE THEFT,2020-04-03T20:00:00.000,41.891694878,-87.62615583200001
109,OTHER OFFENSE,2020-04-03T20:00:00.000,41.8558033,-87.679005661
110,THEFT,2020-04-03T20:00:00.000,41.910920013,-87.690901111
111,BATTERY,2020-04-03T20:00:00.000,41.769288767,-87.687041156
112,BURGLARY,2020-04-03T20:00:00.000,41.982135322,-87.708836606
113,SEX OFFENSE,2020-04-03T20:00:00.000,41.783491914,-87.69961055700001
114,THEFT,2020-04-03T20:00:00.000,41.974824456,-87.783344986
115,THEFT,2020-04-03T20:00:00.000,41.954323081,-87.666436795
116,CRIMINAL DAMAGE,2020-04-03T20:00:00.000,41.810505195,-87.64315988799999
117,THEFT,2020-04-03T20:00:00.000,41.727877692,-87.64096407
118,BATTERY,2020-04-03T19:43:00.000,41.878584019,-87.74614730799999
119,BATTERY,2020-04-03T19:35:00.000,41.965393249,-87.65799298399999
120,CRIMINAL DAMAGE,2020-04-03T19:35:00.000,41.773136599000004,-87.69445914299999
121,CRIMINAL DAMAGE,2020-04-03T19:30:00.000,41.851761264000004,-87.705602716
122,THEFT,2020-04-03T19:30:00.000,41.978991238,-87.65994197200001
123,CRIMINAL DAMAGE,2020-04-03T19:30:00.000,41.844205755,-87.727994095
124,MOTOR VEHICLE THEFT,2020-04-03T19:30:00.000,41.708496819000004,-87.61014136799999
125,CRIMINAL DAMAGE,2020-04-03T19:30:00.000,41.844227555,-87.726404761
126,THEFT,2020-04-03T19:30:00.000,41.700355114000004,-87.531656916
127,HOMICIDE,2020-04-03T19:26:00.000,41.769728942,-87.583349993
128,CRIMINAL DAMAGE,2020-04-03T19:25:00.000,41.80517038,-87.61804866799999
129,BATTERY,2020-04-03T19:25:00.000,41.862868089,-87.71383851700001
130,BATTERY,2020-04-03T19:20:00.000,41.760906284,-87.640649452
131,OTHER OFFENSE,2020-04-03T19:20:00.000,41.693960671,-87.62165846799999
132,WEAPONS VIOLATION,2020-04-03T19:16:00.000,41.877446676,-87.69500021200001
133,CRIMINAL DAMAGE,2020-04-03T19:15:00.000,41.792194049,-87.62402358899999
134,BATTERY,2020-04-03T19:15:00.000,41.747942459,-87.65124378
135,ASSAULT,2020-04-03T19:14:00.000,41.781598476,-87.610831124
136,THEFT,2020-04-03T19:12:00.000,41.94662937,-87.70807680200001
137,MOTOR VEHICLE THEFT,2020-04-03T19:00:00.000,41.741950796,-87.577015476
138,THEFT,2020-04-03T19:00:00.000,41.775493298,-87.649533153
139,OTHER OFFENSE,2020-04-03T19:00:00.000,41.782078516999995,-87.675190962
140,CRIMINAL DAMAGE,2020-04-03T19:00:00.000,41.91068922,-87.695774944
141,BATTERY,2020-04-03T19:00:00.000,41.727944754,-87.653111217
142,OTHER OFFENSE,2020-04-03T19:00:00.000,41.764779745,-87.67637213
143,ROBBERY,2020-04-03T19:00:00.000,41.742991296,-87.632025815
144,CRIMINAL DAMAGE,2020-04-03T18:54:00.000,41.695244583000004,-87.62916148
145,CRIMINAL DAMAGE,2020-04-03T18:45:00.000,41.6988875,-87.62935609200001
146,ROBBERY,2020-04-03T18:42:00.000,41.845496489,-87.63394264899999
147,BATTERY,2020-04-03T18:30:00.000,41.776151397,-87.64165126700001
148,BATTERY,2020-04-03T18:30:00.000,41.714822600000005,-87.569444242
149,THEFT,2020-04-03T18:30:00.000,41.771199121,-87.637301763
150,ROBBERY,2020-04-03T18:30:00.000,41.850756176,-87.631969403
151,CRIMINAL DAMAGE,2020-04-03T18:25:00.000,41.814908564,-87.690731646
152,BATTERY,2020-04-03T18:15:00.000,41.755929033,-87.657389725
153,OTHER OFFENSE,2020-04-03T18:15:00.000,41.693960671,-87.62165846799999
154,DECEPTIVE PRACTICE,2020-04-03T18:07:00.000,41.972752052,-87.724516826
155,WEAPONS VIOLATION,2020-04-03T18:06:00.000,41.890441825,-87.74935883399999
156,DECEPTIVE PRACTICE,2020-04-03T18:00:00.000,41.893763000999996,-87.765353356
157,BURGLARY,2020-04-03T18:00:00.000,41.766048084,-87.579041832
158,THEFT,2020-04-03T17:55:00.000,41.89486351,-87.629125336
159,THEFT,2020-04-03T17:55:00.000,41.866937617,-87.624141504
160,CRIMINAL DAMAGE,2020-04-03T17:50:00.000,41.9613028,-87.690215099
161,OFFENSE INVOLVING CHILDREN,2020-04-03T17:50:00.000,41.747038040999996,-87.607543271
162,BATTERY,2020-04-03T17:45:00.000,41.909545981,-87.752358893
163,DECEPTIVE PRACTICE,2020-04-03T17:43:00.000,41.87046297,-87.720260149
164,CRIMINAL DAMAGE,2020-04-03T17:30:00.000,41.891791478,-87.620917415
165,THEFT,2020-04-03T17:30:00.000,41.669715963,-87.63442482399999
166,CRIMINAL DAMAGE,2020-04-03T17:30:00.000,41.772625715,-87.576471929
167,DECEPTIVE PRACTICE,2020-04-03T17:30:00.000,41.969173655,-87.721943761
168,BATTERY,2020-04-03T17:30:00.000,41.884071054,-87.722197591
169,BATTERY,2020-04-03T17:30:00.000,41.648614968000004,-87.614887513
170,BATTERY,2020-04-03T17:29:00.000,41.880991939,-87.704394994
171,ASSAULT,2020-04-03T17:20:00.000,41.736629056999995,-87.606268198
172,BATTERY,2020-04-03T17:20:00.000,41.797869159,-87.675671215
173,ROBBERY,2020-04-03T17:10:00.000,41.887768059,-87.758432315
174,THEFT,2020-04-03T17:00:00.000,41.919366106,-87.769120387
175,THEFT,2020-04-03T17:00:00.000,41.919106277,-87.71748728799999
176,OFFENSE INVOLVING CHILDREN,2020-04-03T17:00:00.000,41.691413679,-87.66882624600001
177,OTHER OFFENSE,2020-04-03T17:00:00.000,41.760233308000004,-87.57493156
178,WEAPONS VIOLATION,2020-04-03T16:56:00.000,41.847900576,-87.725074445
179,OTHER OFFENSE,2020-04-03T16:55:00.000,41.874806519,-87.75834286700001
180,BATTERY,2020-04-03T16:47:00.000,41.946488939,-87.718661096
181,ASSAULT,2020-04-03T16:47:00.000,41.94078561,-87.806845204
182,CRIMINAL TRESPASS,2020-04-03T16:31:00.000,41.779486176,-87.663496166
183,BATTERY,2020-04-03T16:30:00.000,41.75033427,-87.665045312
184,THEFT,2020-04-03T16:30:00.000,41.660998006,-87.64547964
185,BATTERY,2020-04-03T16:30:00.000,41.764245206999995,-87.683232026
186,OTHER OFFENSE,2020-04-03T16:30:00.000,,
187,BURGLARY,2020-04-03T16:30:00.000,41.954058258,-87.685365323
188,THEFT,2020-04-03T16:25:00.000,41.969139894,-87.685271336
189,BATTERY,2020-04-03T16:20:00.000,41.793145241,-87.652418613
190,BATTERY,2020-04-03T16:17:00.000,41.901534585,-87.71895652200001
191,CRIMINAL DAMAGE,2020-04-03T16:15:00.000,41.856131934000004,-87.71759627600001
192,CRIMINAL TRESPASS,2020-04-03T16:15:00.000,41.782315073,-87.59876762799999
193,ASSAULT,2020-04-03T16:09:00.000,41.76015578,-87.556752911
194,BATTERY,2020-04-03T16:08:00.000,41.773299651,-87.589742201
195,OTHER OFFENSE,2020-04-03T16:02:00.000,41.909857246,-87.746114281
196,DECEPTIVE PRACTICE,2020-04-03T16:00:00.000,41.974187006,-87.656355545
197,THEFT,2020-04-03T16:00:00.000,41.802415236,-87.592519489
198,OFFENSE INVOLVING CHILDREN,2020-04-03T16:00:00.000,41.898347216,-87.64197976
199,OTHER OFFENSE,2020-04-03T16:00:00.000,41.924913005,-87.75986647799999
200,MOTOR VEHICLE THEFT,2020-04-03T16:00:00.000,41.868219921,-87.664046556
201,BURGLARY,2020-04-03T16:00:00.000,41.911136802,-87.68358426100001
202,THEFT,2020-04-03T15:53:00.000,41.907272203000005,-87.729191411
203,ROBBERY,2020-04-03T15:50:00.000,41.708235221,-87.617450564
204,BURGLARY,2020-04-03T15:49:00.000,41.926663321999996,-87.76362478899999
205,CRIMINAL DAMAGE,2020-04-03T15:45:00.000,41.777269655,-87.69497905600001
206,CRIMINAL DAMAGE,2020-04-03T15:32:00.000,41.745215134,-87.601378315
207,THEFT,2020-04-03T15:30:00.000,41.967774516,-87.667267274
208,THEFT,2020-04-03T15:25:00.000,41.735752519,-87.62542903200001
209,BATTERY,2020-04-03T15:21:00.000,41.762836381999996,-87.650418961
210,ROBBERY,2020-04-03T15:20:00.000,41.880854612,-87.745289273
211,WEAPONS VIOLATION,2020-04-03T15:18:00.000,41.844592503,-87.700964105
212,THEFT,2020-04-03T15:15:00.000,41.803192292,-87.601577066
213,BATTERY,2020-04-03T15:15:00.000,41.87839121,-87.761229974
214,ASSAULT,2020-04-03T15:07:00.000,41.748699208000005,-87.606377545
215,THEFT,2020-04-03T15:00:00.000,41.70965132,-87.648986169
216,THEFT,2020-04-03T15:00:00.000,41.704476605,-87.646408011
217,CRIMINAL DAMAGE,2020-04-03T15:00:00.000,41.778922967,-87.706166918
218,THEFT,2020-04-03T15:00:00.000,41.797307609,-87.644016645
219,OTHER OFFENSE,2020-04-03T15:00:00.000,41.892724688,-87.710134375
220,INTERFERENCE WITH PUBLIC OFFICER,2020-04-03T14:55:00.000,41.691667941999995,-87.62412586
221,THEFT,2020-04-03T14:55:00.000,41.803192292,-87.601577066
222,OTHER OFFENSE,2020-04-03T14:54:00.000,41.874422837,-87.625299815
223,CRIMINAL TRESPASS,2020-04-03T14:54:00.000,41.727309824,-87.58792089200001
224,THEFT,2020-04-03T14:50:00.000,41.913581053,-87.654964655
225,BATTERY,2020-04-03T14:45:00.000,41.983675412,-87.65711202
226,THEFT,2020-04-03T14:45:00.000,41.787403397,-87.708284349
227,ROBBERY,2020-04-03T14:43:00.000,41.889011832,-87.76907172700001
228,WEAPONS VIOLATION,2020-04-03T14:33:00.000,41.862559808,-87.721859154
229,CRIMINAL DAMAGE,2020-04-03T14:30:00.000,,
230,BATTERY,2020-04-03T14:30:00.000,41.745215134,-87.601378315
231,OTHER OFFENSE,2020-04-03T14:29:00.000,41.800763414,-87.70793081
232,BATTERY,2020-04-03T14:23:00.000,41.923041315999996,-87.737740351
233,ROBBERY,2020-04-03T14:15:00.000,41.765688945,-87.616387018
234,ROBBERY,2020-04-03T14:15:00.000,41.784637233000005,-87.64173240000001
235,BATTERY,2020-04-03T14:10:00.000,41.949105613,-87.650441555
236,THEFT,2020-04-03T14:05:00.000,41.909240284,-87.65274758
237,THEFT,2020-04-03T14:00:00.000,41.919242071999996,-87.638844194
238,BURGLARY,2020-04-03T14:00:00.000,41.702813688,-87.626965938
239,THEFT,2020-04-03T14:00:00.000,41.719243315,-87.63224012399999
240,MOTOR VEHICLE THEFT,2020-04-03T14:00:00.000,41.880541389,-87.64314851299999
241,THEFT,2020-04-03T13:55:00.000,41.874418933,-87.62555688200001
242,CRIMINAL DAMAGE,2020-04-03T13:50:00.000,41.765814155,-87.566094159
243,ASSAULT,2020-04-03T13:50:00.000,41.819405738,-87.697015061
244,BATTERY,2020-04-03T13:48:00.000,41.719417959,-87.56882573200001
245,BATTERY,2020-04-03T13:43:00.000,41.693107356,-87.627917936
246,BATTERY,2020-04-03T13:40:00.000,41.965484508,-87.651149144
247,CRIMINAL DAMAGE,2020-04-03T13:38:00.000,41.714279196999996,-87.573164579
248,CRIMINAL DAMAGE,2020-04-03T13:37:00.000,41.839543395999996,-87.627086294
249,THEFT,2020-04-03T13:30:00.000,,
250,THEFT,2020-04-03T13:30:00.000,,
251,WEAPONS VIOLATION,2020-04-03T13:30:00.000,41.901570258,-87.71895618
252,OTHER OFFENSE,2020-04-03T13:25:00.000,41.702264249,-87.64633634799999
253,DECEPTIVE PRACTICE,2020-04-03T13:24:00.000,41.879776647,-87.72432792200001
254,THEFT,2020-04-03T13:20:00.000,41.953051971,-87.68115147299999
255,OTHER OFFENSE,2020-04-03T13:17:00.000,41.804928831999995,-87.61804035200001
256,ASSAULT,2020-04-03T13:12:00.000,41.771657888,-87.703990495
257,ASSAULT,2020-04-03T13:06:00.000,41.70273219,-87.622206261
258,THEFT,2020-04-03T13:00:00.000,41.968234566999996,-87.72857161600001
259,THEFT,2020-04-03T13:00:00.000,41.998406758,-87.688682785
260,BATTERY,2020-04-03T13:00:00.000,41.841471897,-87.62920462700001
261,DECEPTIVE PRACTICE,2020-04-03T13:00:00.000,41.867298614,-87.773415019
262,CRIMINAL DAMAGE,2020-04-03T13:00:00.000,41.909648748,-87.796006281
263,THEFT,2020-04-03T13:00:00.000,41.924733961,-87.70569633
264,BATTERY,2020-04-03T13:00:00.000,41.899824735,-87.684496039
265,BATTERY,2020-04-03T12:55:00.000,41.809409486,-87.691795321
266,THEFT,2020-04-03T12:49:00.000,41.764010344,-87.564741105
267,ASSAULT,2020-04-03T12:47:00.000,41.998116065,-87.70454900899999
268,MOTOR VEHICLE THEFT,2020-04-03T12:40:00.000,41.70378456,-87.60532000799999
269,CRIMINAL DAMAGE,2020-04-03T12:38:00.000,41.727872616999996,-87.551207132
270,CRIMINAL DAMAGE,2020-04-03T12:30:00.000,41.758560412,-87.56272800299999
271,CRIMINAL DAMAGE,2020-04-03T12:30:00.000,41.713408629,-87.63444980700001
272,BATTERY,2020-04-03T12:30:00.000,41.734443023000004,-87.60169847799999
273,CRIMINAL TRESPASS,2020-04-03T12:30:00.000,41.707560066,-87.54012240700001
274,DECEPTIVE PRACTICE,2020-04-03T12:30:00.000,41.872555115,-87.724062358
275,BATTERY,2020-04-03T12:29:00.000,41.73871439,-87.55388955299999
276,ASSAULT,2020-04-03T12:19:00.000,41.756453516,-87.622430827
277,THEFT,2020-04-03T12:15:00.000,41.697088836999995,-87.659848026
278,THEFT,2020-04-03T12:04:00.000,41.796216156999996,-87.723245665
279,ASSAULT,2020-04-03T12:00:00.000,41.880318706,-87.75923718600001
280,ASSAULT,2020-04-03T12:00:00.000,41.743445021999996,-87.60137277
281,BATTERY,2020-04-03T12:00:00.000,41.914403235,-87.71913071899999
282,THEFT,2020-04-03T12:00:00.000,41.954323081,-87.666436795
283,CRIMINAL DAMAGE,2020-04-03T12:00:00.000,,
284,THEFT,2020-04-03T12:00:00.000,41.781406759,-87.721472173
285,THEFT,2020-04-03T12:00:00.000,41.944790235999996,-87.656681331
286,ASSAULT,2020-04-03T11:55:00.000,41.901637857,-87.71774333399999
287,ASSAULT,2020-04-03T11:54:00.000,41.764669618,-87.68500551
288,NARCOTICS,2020-04-03T11:50:00.000,41.964296453,-87.66376630299999
289,BATTERY,2020-04-03T11:41:00.000,41.771907116,-87.64458193799999
290,CRIMINAL DAMAGE,2020-04-03T11:40:00.000,41.909434895,-87.760838981
291,CRIMINAL DAMAGE,2020-04-03T11:40:00.000,41.808564273,-87.66910615200001
292,MOTOR VEHICLE THEFT,2020-04-03T11:30:00.000,41.894539838,-87.624243916
293,THEFT,2020-04-03T11:30:00.000,41.764932153000004,-87.576272783
294,ASSAULT,2020-04-03T11:27:00.000,41.765162688000004,-87.624896894
295,OTHER OFFENSE,2020-04-03T11:20:00.000,41.919521021,-87.73153035799999
296,BATTERY,2020-04-03T11:18:00.000,41.720634106,-87.568888239
297,THEFT,2020-04-03T11:15:00.000,41.881183104,-87.68498211
298,BATTERY,2020-04-03T11:14:00.000,41.695935536,-87.612244719
299,CRIMINAL DAMAGE,2020-04-03T11:11:00.000,41.750133415,-87.62822477700001
300,ASSAULT,2020-04-03T11:09:00.000,41.986500621,-87.660157096
301,ASSAULT,2020-04-03T11:08:00.000,41.774441511,-87.57591533799999
302,THEFT,2020-04-03T11:01:00.000,41.700099495,-87.529243292
303,THEFT,2020-04-03T11:00:00.000,41.767158134,-87.576327256
304,THEFT,2020-04-03T11:00:00.000,41.946389104,-87.65187106100001
305,BURGLARY,2020-04-03T11:00:00.000,41.858153571,-87.71030862399999
306,BATTERY,2020-04-03T10:50:00.000,41.965722052,-87.666829028
307,BATTERY,2020-04-03T10:45:00.000,41.871035926,-87.683711494
308,CRIMINAL DAMAGE,2020-04-03T10:30:00.000,41.912076368,-87.726401686
309,THEFT,2020-04-03T10:30:00.000,41.657321724,-87.60642536299999
310,CRIMINAL DAMAGE,2020-04-03T10:30:00.000,41.85376402,-87.64652343200001
311,BATTERY,2020-04-03T10:30:00.000,41.802741802,-87.614987506
312,ASSAULT,2020-04-03T10:30:00.000,41.750304129,-87.667416675
313,THEFT,2020-04-03T10:25:00.000,41.984651741,-87.789163768
314,ASSAULT,2020-04-03T10:25:00.000,41.968010333,-87.76748157200001
315,CRIMINAL DAMAGE,2020-04-03T10:20:00.000,41.869047845,-87.62412552299999
316,OTHER OFFENSE,2020-04-03T10:15:00.000,41.982095185,-87.768360961
317,BATTERY,2020-04-03T10:15:00.000,41.986112530999996,-87.65669266399999
318,NARCOTICS,2020-04-03T10:15:00.000,41.844162699,-87.695199039
319,THEFT,2020-04-03T10:14:00.000,41.759333905,-87.632071481
320,BATTERY,2020-04-03T10:10:00.000,41.781901182,-87.786309323
321,CRIMINAL TRESPASS,2020-04-03T10:05:00.000,41.982985416,-87.71531629200001
322,BATTERY,2020-04-03T10:05:00.000,42.007887703,-87.66701824
323,CRIMINAL DAMAGE,2020-04-03T10:05:00.000,41.74221153,-87.66323147700001
324,MOTOR VEHICLE THEFT,2020-04-03T10:00:00.000,41.76265,-87.64677388
325,DECEPTIVE PRACTICE,2020-04-03T10:00:00.000,41.919053074000004,-87.69864585399999
326,BATTERY,2020-04-03T10:00:00.000,41.747672078,-87.60107190299999
327,THEFT,2020-04-03T10:00:00.000,41.77113044,-87.571544262
328,BATTERY,2020-04-03T10:00:00.000,41.884812928,-87.714173749
329,BATTERY,2020-04-03T10:00:00.000,41.802973746999996,-87.682455581
330,THEFT,2020-04-03T09:50:00.000,41.866988841,-87.657205006
331,BATTERY,2020-04-03T09:45:00.000,41.763448937,-87.560008415
332,WEAPONS VIOLATION,2020-04-03T09:45:00.000,41.828105708,-87.628940177
333,BATTERY,2020-04-03T09:37:00.000,41.858065739000004,-87.710305805
334,DECEPTIVE PRACTICE,2020-04-03T09:35:00.000,41.774565636999995,-87.781140173
335,ASSAULT,2020-04-03T09:34:00.000,41.942464727,-87.74783680200001
336,ASSAULT,2020-04-03T09:30:00.000,41.928508063,-87.736730361
337,BURGLARY,2020-04-03T09:26:00.000,41.740989245,-87.64862055399999
338,CRIMINAL DAMAGE,2020-04-03T09:10:00.000,,
339,MOTOR VEHICLE THEFT,2020-04-03T09:00:00.000,,
340,DECEPTIVE PRACTICE,2020-04-03T09:00:00.000,41.760634716,-87.581725895
341,THEFT,2020-04-03T09:00:00.000,41.751229121,-87.608496532
342,ROBBERY,2020-04-03T09:00:00.000,41.881058789,-87.698092933
343,MOTOR VEHICLE THEFT,2020-04-03T09:00:00.000,41.797215185,-87.59812807799999
344,OTHER OFFENSE,2020-04-03T09:00:00.000,41.758346414,-87.561510075
345,OTHER OFFENSE,2020-04-03T09:00:00.000,41.870829345,-87.716419864
346,THEFT,2020-04-03T09:00:00.000,41.765306066,-87.584754086
347,OTHER OFFENSE,2020-04-03T08:49:00.000,41.759432839,-87.558202048
348,ROBBERY,2020-04-03T08:45:00.000,41.773382411,-87.58221496899999
349,BURGLARY,2020-04-03T08:45:00.000,41.867262739000005,-87.71404207200001
350,BATTERY,2020-04-03T08:36:00.000,41.882529536999996,-87.62622385600001
351,THEFT,2020-04-03T08:30:00.000,41.783215157,-87.705685105
352,THEFT,2020-04-03T08:30:00.000,41.880972165,-87.75875395799999
353,CRIMINAL DAMAGE,2020-04-03T08:30:00.000,41.752431226,-87.594296575
354,CRIMINAL DAMAGE,2020-04-03T08:30:00.000,41.88173675,-87.751457809
355,BATTERY,2020-04-03T08:25:00.000,41.691640675,-87.626381549
356,BATTERY,2020-04-03T08:20:00.000,41.968368389,-87.716586485
357,DECEPTIVE PRACTICE,2020-04-03T08:19:00.000,41.824933076,-87.623104662
358,BATTERY,2020-04-03T08:15:00.000,41.941854201999995,-87.832231431
359,ARSON,2020-04-03T08:05:00.000,41.905520644,-87.733763129
360,CRIMINAL DAMAGE,2020-04-03T08:00:00.000,41.938797346,-87.723377074
361,THEFT,2020-04-03T08:00:00.000,41.866988841,-87.657205006
362,SEX OFFENSE,2020-04-03T08:00:00.000,41.926372383,-87.671031101
363,THEFT,2020-04-03T08:00:00.000,41.697294711,-87.62205012700001
364,BURGLARY,2020-04-03T08:00:00.000,41.780683143000005,-87.66545990600001
365,ASSAULT,2020-04-03T07:50:00.000,41.696158294,-87.62913686700001
366,BATTERY,2020-04-03T07:45:00.000,41.858132809000004,-87.71765417
367,WEAPONS VIOLATION,2020-04-03T07:45:00.000,41.815668509,-87.686292611
368,MOTOR VEHICLE THEFT,2020-04-03T07:40:00.000,41.99060508,-87.671811275
369,ASSAULT,2020-04-03T07:40:00.000,41.756430631,-87.561470724
370,CRIMINAL DAMAGE,2020-04-03T07:37:00.000,41.881999353000005,-87.72949931299999
371,THEFT,2020-04-03T07:30:00.000,41.902697871,-87.72302283299999
372,THEFT,2020-04-03T07:30:00.000,41.704106473,-87.65107374899999
373,THEFT,2020-04-03T07:15:00.000,41.779618399,-87.653767961
374,OTHER OFFENSE,2020-04-03T07:10:00.000,41.912279114,-87.67887738600001
375,DECEPTIVE PRACTICE,2020-04-03T07:10:00.000,41.721336326,-87.567191261
376,THEFT,2020-04-03T07:06:00.000,41.991106239000004,-87.72885543299999
377,MOTOR VEHICLE THEFT,2020-04-03T07:00:00.000,41.895733305,-87.687457479
378,BATTERY,2020-04-03T06:51:00.000,41.873185004,-87.74379543399999
379,MOTOR VEHICLE THEFT,2020-04-03T06:40:00.000,41.865397377,-87.64066077700001
380,OTHER OFFENSE,2020-04-03T06:40:00.000,41.718505159,-87.643130543
381,CRIMINAL DAMAGE,2020-04-03T06:30:00.000,41.71302193,-87.65370808600001
382,DECEPTIVE PRACTICE,2020-04-03T06:20:00.000,41.856470062,-87.6661109
383,THEFT,2020-04-03T06:00:00.000,41.878631263,-87.764808046
384,CRIMINAL DAMAGE,2020-04-03T06:00:00.000,41.966240118,-87.688834357
385,THEFT,2020-04-03T06:00:00.000,,
386,CRIMINAL DAMAGE,2020-04-03T06:00:00.000,41.927238783,-87.744959037
387,THEFT,2020-04-03T06:00:00.000,41.876363103,-87.65069511200001
388,THEFT,2020-04-03T05:40:00.000,41.8020092,-87.622063199
389,CRIMINAL DAMAGE,2020-04-03T05:36:00.000,41.932791929000004,-87.67882943299999
390,CRIMINAL DAMAGE,2020-04-03T05:34:00.000,41.885740288,-87.631590568
391,ARSON,2020-04-03T05:34:00.000,41.885740288,-87.631590568
392,CRIMINAL DAMAGE,2020-04-03T05:26:00.000,41.961687536999996,-87.716827402
393,CRIMINAL DAMAGE,2020-04-03T05:25:00.000,41.860171476,-87.714022396
394,OTHER OFFENSE,2020-04-03T05:18:00.000,41.86283033,-87.71702173
395,BATTERY,2020-04-03T05:00:00.000,41.890107481,-87.70324051
396,BATTERY,2020-04-03T05:00:00.000,41.702294054,-87.62815077399999
397,CRIMINAL DAMAGE,2020-04-03T05:00:00.000,41.779024407,-87.654489164
398,BATTERY,2020-04-03T05:00:00.000,41.969025552,-87.709714818
399,BATTERY,2020-04-03T04:45:00.000,41.669904438,-87.63563428399999
400,MOTOR VEHICLE THEFT,2020-04-03T04:39:00.000,41.95434186,-87.678759724
401,BATTERY,2020-04-03T04:36:00.000,41.865412869000004,-87.722709399
402,BURGLARY,2020-04-03T04:30:00.000,41.810770372,-87.683931946
403,BATTERY,2020-04-03T04:29:00.000,41.68654917,-87.632529294
404,CRIMINAL DAMAGE,2020-04-03T04:26:00.000,41.819493628000004,-87.68964024899999
405,MOTOR VEHICLE THEFT,2020-04-03T04:20:00.000,41.753976111,-87.55237091299999
406,BATTERY,2020-04-03T04:07:00.000,41.736801541999995,-87.558342344
407,THEFT,2020-04-03T04:05:00.000,41.947441911999995,-87.814421739
408,BURGLARY,2020-04-03T04:00:00.000,41.658720888000005,-87.551982224
409,CRIMINAL DAMAGE,2020-04-03T03:50:00.000,41.810434717,-87.66417890000001
410,BURGLARY,2020-04-03T03:42:00.000,41.99054904,-87.754929796
411,OTHER OFFENSE,2020-04-03T03:30:00.000,41.954233906999995,-87.723957827
412,THEFT,2020-04-03T03:23:00.000,41.967142769,-87.66339453
413,CRIMINAL DAMAGE,2020-04-03T03:20:00.000,41.757204570999995,-87.64298726
414,CRIMINAL DAMAGE,2020-04-03T03:10:00.000,41.776091801999996,-87.599747851
415,CRIMINAL DAMAGE,2020-04-03T03:04:00.000,41.761286569,-87.606693651
416,THEFT,2020-04-03T02:55:00.000,41.761286569,-87.606693651
417,BATTERY,2020-04-03T02:41:00.000,41.861653809,-87.727480805
418,BATTERY,2020-04-03T02:23:00.000,41.910432371999995,-87.754533114
419,CRIMINAL DAMAGE,2020-04-03T02:20:00.000,41.929644221,-87.68413146399999
420,THEFT,2020-04-03T02:20:00.000,41.77279778,-87.683468276
421,THEFT,2020-04-03T02:16:00.000,41.854867505,-87.70655974700001
422,CRIMINAL DAMAGE,2020-04-03T02:10:00.000,,
423,BATTERY,2020-04-03T02:10:00.000,41.657947514,-87.60340661
424,BATTERY,2020-04-03T02:00:00.000,41.748697205999996,-87.603896643
425,CRIMINAL DAMAGE,2020-04-03T02:00:00.000,41.877850151,-87.736342529
426,THEFT,2020-04-03T02:00:00.000,41.729384810999996,-87.55485593600001
427,MOTOR VEHICLE THEFT,2020-04-03T02:00:00.000,41.65406152,-87.61648827399999
428,BATTERY,2020-04-03T02:00:00.000,41.940860021999995,-87.72890019
429,BATTERY,2020-04-03T02:00:00.000,41.966409353,-87.64885215700001
430,BATTERY,2020-04-03T01:55:00.000,41.848182051,-87.701971111
431,BURGLARY,2020-04-03T01:49:00.000,41.748823072,-87.590559766
432,BATTERY,2020-04-03T01:34:00.000,41.805695294,-87.674615538
433,ASSAULT,2020-04-03T01:31:00.000,41.702061238,-87.562007777
434,ROBBERY,2020-04-03T01:18:00.000,41.80208796,-87.587744343
435,CRIMINAL DAMAGE,2020-04-03T01:07:00.000,41.871732207,-87.71846728700001
436,BATTERY,2020-04-03T01:06:00.000,41.902217176,-87.758567201
437,MOTOR VEHICLE THEFT,2020-04-03T01:00:00.000,41.903089365,-87.76176994299999
438,BATTERY,2020-04-03T00:59:00.000,41.857832203,-87.70421451200001
439,BATTERY,2020-04-03T00:50:00.000,41.985488878000005,-87.71749896700001
440,SEX OFFENSE,2020-04-03T00:50:00.000,41.904142261,-87.675959266
441,BATTERY,2020-04-03T00:35:00.000,41.855035662,-87.71124186700001
442,ASSAULT,2020-04-03T00:30:00.000,41.891879948,-87.754263576
443,ARSON,2020-04-03T00:28:00.000,41.868544249,-87.77055511399999
444,WEAPONS VIOLATION,2020-04-03T00:22:00.000,41.886478335,-87.76340170299999
445,BATTERY,2020-04-03T00:15:00.000,41.710744529,-87.566969114
446,CRIMINAL DAMAGE,2020-04-03T00:15:00.000,41.854736494,-87.71123375399999
447,THEFT,2020-04-03T00:10:00.000,41.973626775,-87.660954623
448,BATTERY,2020-04-03T00:10:00.000,41.945014703000005,-87.76267113700001
449,THEFT,2020-04-03T00:05:00.000,41.904462488,-87.648118305
450,BATTERY,2020-04-03T00:03:00.000,41.96904679,-87.658163995
451,DECEPTIVE PRACTICE,2020-04-03T00:01:00.000,41.969292902,-87.71094040000001
452,CRIMINAL DAMAGE,2020-04-03T00:01:00.000,41.857599406,-87.643138296
453,THEFT,2020-04-03T00:01:00.000,41.93194189,-87.802871682
454,CRIMINAL TRESPASS,2020-04-03T00:01:00.000,41.92469581,-87.77088136200001
455,CRIMINAL DAMAGE,2020-04-03T00:00:00.000,41.863456762,-87.652521138
456,OFFENSE INVOLVING CHILDREN,2020-04-03T00:00:00.000,41.670569952,-87.63858084200001
457,THEFT,2020-04-03T00:00:00.000,41.780351295,-87.68855429999999
458,THEFT,2020-04-03T00:00:00.000,,
459,OTHER OFFENSE,2020-04-03T00:00:00.000,41.935324576,-87.77489325399999
460,CRIMINAL DAMAGE,2020-04-02T23:57:00.000,41.699186904,-87.61476797700001
461,ASSAULT,2020-04-02T23:55:00.000,41.882254983,-87.76396436299999
462,BATTERY,2020-04-02T23:45:00.000,41.88625035,-87.75895272
463,ROBBERY,2020-04-02T23:40:00.000,41.967763745999996,-87.661181751
464,BATTERY,2020-04-02T23:38:00.000,41.855797367,-87.679409498
465,BATTERY,2020-04-02T23:30:00.000,41.979498742,-87.839052959
466,ROBBERY,2020-04-02T23:30:00.000,41.884498505,-87.741458652
467,THEFT,2020-04-02T23:30:00.000,41.880792865,-87.679077595
468,BATTERY,2020-04-02T23:25:00.000,41.91436174,-87.72525577200001
469,BATTERY,2020-04-02T23:24:00.000,41.886811027,-87.75529357799999
470,BATTERY,2020-04-02T23:10:00.000,41.673554115,-87.616411124
471,HOMICIDE,2020-04-02T23:05:00.000,41.872820671,-87.701596513
472,THEFT,2020-04-02T23:00:00.000,41.950781729,-87.724483313
473,THEFT,2020-04-02T23:00:00.000,41.779793875,-87.63182661299999
474,CRIMINAL DAMAGE,2020-04-02T23:00:00.000,41.91697589,-87.74238951299999
475,MOTOR VEHICLE THEFT,2020-04-02T22:50:00.000,41.870861476,-87.714231302
476,BATTERY,2020-04-02T22:45:00.000,41.887752532,-87.624557695
477,ROBBERY,2020-04-02T22:43:00.000,41.773280699000004,-87.591480096
478,CRIMINAL DAMAGE,2020-04-02T22:42:00.000,41.747092946,-87.607546317
479,WEAPONS VIOLATION,2020-04-02T22:30:00.000,41.92439805,-87.794045223
480,ASSAULT,2020-04-02T22:30:00.000,41.761135248,-87.630900966
481,BATTERY,2020-04-02T22:30:00.000,41.88173688,-87.751483513
482,WEAPONS VIOLATION,2020-04-02T22:27:00.000,41.802361494,-87.662374066
483,ASSAULT,2020-04-02T22:25:00.000,41.893469034,-87.632648229
484,WEAPONS VIOLATION,2020-04-02T22:23:00.000,41.774385202,-87.762195513
485,CRIMINAL DAMAGE,2020-04-02T22:19:00.000,41.846047463000005,-87.727011485
486,BATTERY,2020-04-02T22:17:00.000,41.951151792,-87.71160584299999
487,BATTERY,2020-04-02T22:10:00.000,42.017107779,-87.66884662
488,ASSAULT,2020-04-02T22:10:00.000,41.842013417,-87.66095442
489,BATTERY,2020-04-02T22:04:00.000,41.895275976,-87.659448418
490,BURGLARY,2020-04-02T22:00:00.000,41.980810149,-87.736223987
491,CRIMINAL DAMAGE,2020-04-02T22:00:00.000,41.940423951,-87.764950486
492,BATTERY,2020-04-02T22:00:00.000,41.88537469,-87.743742141
493,ASSAULT,2020-04-02T22:00:00.000,41.799275367,-87.582312425
494,WEAPONS VIOLATION,2020-04-02T21:45:00.000,41.777669386999996,-87.781700149
495,ASSAULT,2020-04-02T21:45:00.000,41.846160861,-87.695259926
496,BATTERY,2020-04-02T21:35:00.000,41.783276387,-87.62378456100001
497,ASSAULT,2020-04-02T21:32:00.000,41.935661134,-87.727085915
498,BURGLARY,2020-04-02T21:30:00.000,41.682466444,-87.63854440700001
499,BATTERY,2020-04-02T21:22:00.000,41.958194004,-87.749880405
500,BATTERY,2020-04-02T21:11:00.000,41.860149538,-87.69448580299999
501,CRIMINAL DAMAGE,2020-04-02T21:11:00.000,41.769447819,-87.566538409
502,BURGLARY,2020-04-02T21:10:00.000,41.688436716,-87.61950801
503,BATTERY,2020-04-02T21:09:00.000,41.777503445,-87.61555886100001
504,ASSAULT,2020-04-02T21:04:00.000,41.771153826,-87.667629981
505,ASSAULT,2020-04-02T21:03:00.000,41.690696992,-87.629123207
506,ASSAULT,2020-04-02T21:01:00.000,41.74935839,-87.610815296
507,MOTOR VEHICLE THEFT,2020-04-02T21:00:00.000,41.893222063,-87.631751083
508,BURGLARY,2020-04-02T21:00:00.000,41.702032968000005,-87.66340710899999
509,BATTERY,2020-04-02T21:00:00.000,41.843154591,-87.73425398200001
510,MOTOR VEHICLE THEFT,2020-04-02T21:00:00.000,41.790226834,-87.681539462
511,OTHER OFFENSE,2020-04-02T21:00:00.000,41.749097383,-87.62620592
512,THEFT,2020-04-02T21:00:00.000,41.890723197,-87.71861573700001
513,WEAPONS VIOLATION,2020-04-02T20:53:00.000,41.909898161,-87.76793630700001
514,OTHER OFFENSE,2020-04-02T20:45:00.000,41.749097383,-87.62620592
515,THEFT,2020-04-02T20:40:00.000,41.691916578000004,-87.672753378
516,WEAPONS VIOLATION,2020-04-02T20:33:00.000,41.831014114,-87.617317037
517,BATTERY,2020-04-02T20:32:00.000,41.885481891,-87.627935689
518,MOTOR VEHICLE THEFT,2020-04-02T20:30:00.000,41.93408775,-87.679889339
519,ROBBERY,2020-04-02T20:30:00.000,41.72187776,-87.61489618700001
520,BATTERY,2020-04-02T20:30:00.000,41.831168941,-87.616181501
521,CRIMINAL DAMAGE,2020-04-02T20:17:00.000,41.924087489,-87.75777198799999
522,BATTERY,2020-04-02T20:15:00.000,41.885741029,-87.63171174899999
523,ROBBERY,2020-04-02T20:05:00.000,41.72187776,-87.61489618700001
524,BATTERY,2020-04-02T20:05:00.000,41.740359303000005,-87.60076659399999
525,ROBBERY,2020-04-02T20:00:00.000,41.894367359,-87.659869336
526,THEFT,2020-04-02T20:00:00.000,41.80808252,-87.655227847
527,OTHER OFFENSE,2020-04-02T20:00:00.000,41.742435302,-87.646289395
528,CRIMINAL TRESPASS,2020-04-02T20:00:00.000,41.94770846,-87.667671023
529,CRIMINAL DAMAGE,2020-04-02T20:00:00.000,41.770319598,-87.61699163899999
530,THEFT,2020-04-02T20:00:00.000,41.883492011,-87.615486512
531,ASSAULT,2020-04-02T19:51:00.000,41.762304545,-87.655611091
532,DECEPTIVE PRACTICE,2020-04-02T19:45:00.000,42.008121478,-87.67376022299999
533,CRIMINAL DAMAGE,2020-04-02T19:30:00.000,41.98447383,-87.69692618100001
534,THEFT,2020-04-02T19:30:00.000,41.659084072,-87.63527901299999
535,OFFENSE INVOLVING CHILDREN,2020-04-02T19:30:00.000,41.84708392,-87.722186388
536,BATTERY,2020-04-02T19:30:00.000,41.966068389,-87.708401544
537,BATTERY,2020-04-02T19:30:00.000,,
538,THEFT,2020-04-02T19:30:00.000,41.87405554,-87.746056576
539,DECEPTIVE PRACTICE,2020-04-02T19:30:00.000,41.910835515,-87.653351515
540,BATTERY,2020-04-02T19:23:00.000,41.877850151,-87.736342529
541,BATTERY,2020-04-02T19:22:00.000,41.740758865,-87.644969855
542,BATTERY,2020-04-02T19:20:00.000,41.837489008,-87.646264459
543,INTERFERENCE WITH PUBLIC OFFICER,2020-04-02T19:15:00.000,41.761510887,-87.64765470399999
544,NARCOTICS,2020-04-02T19:15:00.000,41.874947338000005,-87.72547164
545,BURGLARY,2020-04-02T19:15:00.000,41.880514874,-87.74379049
546,ROBBERY,2020-04-02T19:05:00.000,41.981845429,-87.657179196
547,ASSAULT,2020-04-02T19:01:00.000,41.840809745,-87.651821775
548,ASSAULT,2020-04-02T19:00:00.000,41.902698633,-87.723166088
549,CRIMINAL DAMAGE,2020-04-02T19:00:00.000,41.688177753000005,-87.611877375
550,THEFT,2020-04-02T19:00:00.000,41.709922693,-87.62182304
551,THEFT,2020-04-02T19:00:00.000,41.902008389,-87.695133986
552,MOTOR VEHICLE THEFT,2020-04-02T19:00:00.000,41.951044544,-87.659523029
553,THEFT,2020-04-02T19:00:00.000,41.995185877,-87.75968116700001
554,CRIMINAL DAMAGE,2020-04-02T18:59:00.000,41.774277493,-87.71183589799999
555,THEFT,2020-04-02T18:55:00.000,41.899557376,-87.73113379899999
556,ASSAULT,2020-04-02T18:39:00.000,41.815384739,-87.668793569
557,BATTERY,2020-04-02T18:31:00.000,41.738234837,-87.575740043
558,BATTERY,2020-04-02T18:30:00.000,41.866216769,-87.621623622
559,DECEPTIVE PRACTICE,2020-04-02T18:21:00.000,41.744614234000004,-87.554639013
560,BATTERY,2020-04-02T18:20:00.000,41.928558061,-87.764978659
561,THEFT,2020-04-02T18:15:00.000,41.85199252,-87.68888873799999
562,ASSAULT,2020-04-02T18:10:00.000,41.701101871,-87.625732308
563,CRIMINAL DAMAGE,2020-04-02T18:10:00.000,41.899036867,-87.724537985
564,ROBBERY,2020-04-02T18:07:00.000,41.961099303000005,-87.74756329
565,OFFENSE INVOLVING CHILDREN,2020-04-02T18:02:00.000,41.758596508000004,-87.62638386399999
566,BATTERY,2020-04-02T18:00:00.000,41.871227548,-87.743104805
567,BATTERY,2020-04-02T18:00:00.000,41.88537469,-87.743742141
568,ASSAULT,2020-04-02T18:00:00.000,41.813662166,-87.698539231
569,THEFT,2020-04-02T18:00:00.000,41.92016193,-87.637573906
570,BATTERY,2020-04-02T17:55:00.000,41.986334537,-87.66602188
571,HOMICIDE,2020-04-02T17:52:00.000,41.852259501,-87.67022524299999
572,ROBBERY,2020-04-02T17:52:00.000,41.899838476999996,-87.73188417
573,WEAPONS VIOLATION,2020-04-02T17:51:00.000,41.872930401,-87.756343926
574,OTHER OFFENSE,2020-04-02T17:47:00.000,41.94969106,-87.75340244600001
575,BATTERY,2020-04-02T17:45:00.000,41.804998168000004,-87.619481024
576,BATTERY,2020-04-02T17:45:00.000,41.905486988,-87.719087613
577,BATTERY,2020-04-02T17:34:00.000,41.673207966,-87.61767410899999
578,CRIMINAL DAMAGE,2020-04-02T17:30:00.000,41.688177753000005,-87.611877375
579,BATTERY,2020-04-02T17:30:00.000,41.745332619,-87.602589895
580,THEFT,2020-04-02T17:30:00.000,42.016329369,-87.690209293
581,THEFT,2020-04-02T17:30:00.000,41.946643714000004,-87.705676293
582,CRIMINAL DAMAGE,2020-04-02T17:30:00.000,41.903992783,-87.76188311
583,THEFT,2020-04-02T17:30:00.000,42.010296448000005,-87.66879977
584,BATTERY,2020-04-02T17:30:00.000,41.897213232,-87.70041218799999
585,ROBBERY,2020-04-02T17:30:00.000,41.749245261,-87.56012760700001
586,BURGLARY,2020-04-02T17:20:00.000,41.891948166999995,-87.628073894
587,ROBBERY,2020-04-02T17:18:00.000,41.879176761,-87.74937328
588,BATTERY,2020-04-02T17:11:00.000,41.721631286,-87.63051084799999
589,BATTERY,2020-04-02T17:07:00.000,41.773109884,-87.58629471100001
590,BATTERY,2020-04-02T17:02:00.000,41.975301836,-87.65368486700001
591,BURGLARY,2020-04-02T17:00:00.000,41.792949616,-87.704765045
592,SEX OFFENSE,2020-04-02T17:00:00.000,41.792081556,-87.619154976
593,CRIMINAL DAMAGE,2020-04-02T17:00:00.000,41.902705234,-87.722343185
594,MOTOR VEHICLE THEFT,2020-04-02T17:00:00.000,41.749460724,-87.665842269
595,MOTOR VEHICLE THEFT,2020-04-02T17:00:00.000,41.878361816,-87.694741409
596,BATTERY,2020-04-02T16:54:00.000,41.75518754,-87.652651382
597,ASSAULT,2020-04-02T16:50:00.000,41.904021139,-87.75931510299999
598,THEFT,2020-04-02T16:50:00.000,41.881756669,-87.686445186
599,BATTERY,2020-04-02T16:45:00.000,41.686697146,-87.620889156
600,BATTERY,2020-04-02T16:40:00.000,41.760065748,-87.663661519
601,THEFT,2020-04-02T16:38:00.000,41.902959846,-87.693019652
602,THEFT,2020-04-02T16:32:00.000,41.721689256,-87.626539467
603,ROBBERY,2020-04-02T16:30:00.000,41.875649236,-87.705963849
604,BATTERY,2020-04-02T16:30:00.000,41.895975375,-87.67308258700001
605,DECEPTIVE PRACTICE,2020-04-02T16:30:00.000,,
606,CRIMINAL DAMAGE,2020-04-02T16:30:00.000,41.779310448000004,-87.67439434100001
607,BATTERY,2020-04-02T16:28:00.000,41.743557554,-87.601375156
608,THEFT,2020-04-02T16:25:00.000,41.899768244,-87.66366212
609,ASSAULT,2020-04-02T16:25:00.000,41.751528912,-87.548046864
610,BATTERY,2020-04-02T16:14:00.000,41.750154295,-87.661008708
611,THEFT,2020-04-02T16:05:00.000,41.892444303000005,-87.66609289200001
612,OTHER OFFENSE,2020-04-02T16:00:00.000,41.873219626,-87.675868666
613,THEFT,2020-04-02T16:00:00.000,,
614,CRIMINAL TRESPASS,2020-04-02T16:00:00.000,41.749253201,-87.56376280799999
615,BATTERY,2020-04-02T16:00:00.000,41.908849952,-87.646645976
616,THEFT,2020-04-02T16:00:00.000,41.914612212,-87.702003867
617,THEFT,2020-04-02T15:45:00.000,,
618,THEFT,2020-04-02T15:45:00.000,41.99004597,-87.658729305
619,OTHER OFFENSE,2020-04-02T15:44:00.000,41.904598353000004,-87.712546284
620,THEFT,2020-04-02T15:43:00.000,41.841568676,-87.658118585
621,NARCOTICS,2020-04-02T15:42:00.000,41.916258634,-87.71918641299999
622,WEAPONS VIOLATION,2020-04-02T15:42:00.000,41.916258634,-87.71918641299999
623,ROBBERY,2020-04-02T15:38:00.000,41.751291175,-87.60485675299999
624,CRIMINAL DAMAGE,2020-04-02T15:28:00.000,41.917751023,-87.753401452
625,OFFENSE INVOLVING CHILDREN,2020-04-02T15:25:00.000,41.693857131,-87.613406651
626,BATTERY,2020-04-02T15:20:00.000,41.774330666,-87.708484611
627,CRIMINAL DAMAGE,2020-04-02T15:20:00.000,41.839221861,-87.645093622
628,OTHER OFFENSE,2020-04-02T15:18:00.000,41.746393545,-87.687131581
629,CRIMINAL DAMAGE,2020-04-02T15:15:00.000,41.839221861,-87.645093622
630,THEFT,2020-04-02T15:00:00.000,41.730379133,-87.659661606
631,THEFT,2020-04-02T15:00:00.000,,
632,CRIMINAL DAMAGE,2020-04-02T15:00:00.000,41.838044411,-87.64644200299999
633,THEFT,2020-04-02T15:00:00.000,41.701349788,-87.62454679700001
634,CRIMINAL DAMAGE,2020-04-02T15:00:00.000,41.830398248,-87.674439389
635,BATTERY,2020-04-02T14:59:00.000,41.773358895,-87.648261728
636,THEFT,2020-04-02T14:56:00.000,41.993892087,-87.660388215
637,THEFT,2020-04-02T14:55:00.000,41.903892301999996,-87.63185835899999
638,THEFT,2020-04-02T14:45:00.000,41.96538033,-87.659063123
639,BURGLARY,2020-04-02T14:45:00.000,41.860238854,-87.70671287
640,THEFT,2020-04-02T14:41:00.000,41.858727999,-87.620785279
641,ROBBERY,2020-04-02T14:41:00.000,41.810213095,-87.624485094
642,MOTOR VEHICLE THEFT,2020-04-02T14:40:00.000,41.91081825,-87.752692699
643,BATTERY,2020-04-02T14:39:00.000,41.909890222,-87.726073384
644,BATTERY,2020-04-02T14:36:00.000,41.904483983,-87.773016767
645,ASSAULT,2020-04-02T14:35:00.000,41.95442154,-87.688475516
646,THEFT,2020-04-02T14:30:00.000,41.70662559,-87.650120579
647,ASSAULT,2020-04-02T14:30:00.000,41.899705138,-87.723771282
648,THEFT,2020-04-02T14:30:00.000,,
649,BATTERY,2020-04-02T14:20:00.000,41.857308478,-87.619340066
650,CRIMINAL DAMAGE,2020-04-02T14:19:00.000,41.894159636,-87.712614324
651,CRIMINAL DAMAGE,2020-04-02T14:18:00.000,41.865389918000005,-87.721490761
652,BATTERY,2020-04-02T14:15:00.000,41.856928103,-87.65761933299999
653,THEFT,2020-04-02T14:15:00.000,41.922418715999996,-87.698369982
654,ASSAULT,2020-04-02T14:10:00.000,41.916040771999995,-87.672052798
655,MOTOR VEHICLE THEFT,2020-04-02T14:00:00.000,41.940239169,-87.698274079
656,THEFT,2020-04-02T14:00:00.000,41.798652448,-87.67443828299999
657,CRIMINAL DAMAGE,2020-04-02T14:00:00.000,41.790559208000005,-87.630396474
658,DECEPTIVE PRACTICE,2020-04-02T13:56:00.000,41.734921347,-87.54577980299999
659,CRIMINAL DAMAGE,2020-04-02T13:50:00.000,41.766741956,-87.623328964
660,ASSAULT,2020-04-02T13:47:00.000,41.824588446,-87.631326836
661,BATTERY,2020-04-02T13:44:00.000,41.768561615,-87.66310762100001
662,BATTERY,2020-04-02T13:40:00.000,41.758090343,-87.63380762799999
663,BURGLARY,2020-04-02T13:38:00.000,41.744109882,-87.59334767700001
664,MOTOR VEHICLE THEFT,2020-04-02T13:32:00.000,41.69144667,-87.66222451
665,THEFT,2020-04-02T13:30:00.000,41.792941975,-87.699876857
666,THEFT,2020-04-02T13:30:00.000,41.901834826,-87.631972713
667,THEFT,2020-04-02T13:30:00.000,41.800060417,-87.588240956
668,BATTERY,2020-04-02T13:29:00.000,41.910022484,-87.63855839
669,ASSAULT,2020-04-02T13:23:00.000,41.751739567,-87.565407903
670,WEAPONS VIOLATION,2020-04-02T13:16:00.000,41.87138405,-87.718022689
671,ASSAULT,2020-04-02T13:14:00.000,41.72187808,-87.61494746700001
672,CRIMINAL DAMAGE,2020-04-02T13:00:00.000,41.886643019,-87.76340758399999
673,THEFT,2020-04-02T13:00:00.000,41.866438734,-87.70231284
674,OTHER OFFENSE,2020-04-02T13:00:00.000,41.895420644,-87.720539406
675,THEFT,2020-04-02T13:00:00.000,41.750663536,-87.601528975
676,ASSAULT,2020-04-02T12:59:00.000,41.768561936,-87.66316260299999
677,CRIMINAL DAMAGE,2020-04-02T12:55:00.000,41.918926424,-87.770674825
678,CRIMINAL DAMAGE,2020-04-02T12:55:00.000,41.918926424,-87.770674825
679,CRIMINAL DAMAGE,2020-04-02T12:50:00.000,41.910116553,-87.772739734
680,ROBBERY,2020-04-02T12:47:00.000,41.880839844,-87.75263368600001
681,DECEPTIVE PRACTICE,2020-04-02T12:44:00.000,41.797249500999996,-87.582222391
682,BATTERY,2020-04-02T12:36:00.000,41.912308116999995,-87.711755165
683,CRIMINAL DAMAGE,2020-04-02T12:30:00.000,41.861559271,-87.65976218
684,BATTERY,2020-04-02T12:23:00.000,41.908634432,-87.721621704
685,THEFT,2020-04-02T12:17:00.000,41.883057444,-87.751056566
686,ROBBERY,2020-04-02T12:17:00.000,41.970201736,-87.7627994
687,ASSAULT,2020-04-02T12:17:00.000,41.802685798,-87.66480968100001
688,BATTERY,2020-04-02T12:16:00.000,41.840182454,-87.717117995
689,THEFT,2020-04-02T12:14:00.000,41.809297059,-87.591967028
690,THEFT,2020-04-02T12:10:00.000,41.698952603,-87.62210143200001
691,DECEPTIVE PRACTICE,2020-04-02T12:00:00.000,41.892450642,-87.719888327
692,CRIMINAL DAMAGE,2020-04-02T12:00:00.000,41.931637858,-87.73858282200001
693,DECEPTIVE PRACTICE,2020-04-02T12:00:00.000,41.868219921,-87.664046556
694,CRIMINAL DAMAGE,2020-04-02T12:00:00.000,41.760550978000005,-87.59036955200001
695,THEFT,2020-04-02T12:00:00.000,41.895732399,-87.687784384
696,OFFENSE INVOLVING CHILDREN,2020-04-02T12:00:00.000,41.926424318,-87.665783027
697,OTHER OFFENSE,2020-04-02T11:55:00.000,41.873841216,-87.763433207
698,WEAPONS VIOLATION,2020-04-02T11:55:00.000,41.816026266,-87.653676686
699,THEFT,2020-04-02T11:55:00.000,,
700,THEFT,2020-04-02T11:55:00.000,41.773315666,-87.587978676
701,BATTERY,2020-04-02T11:55:00.000,41.910624936,-87.66799767299999
702,THEFT,2020-04-02T11:54:00.000,41.772625715,-87.576471929
703,ASSAULT,2020-04-02T11:50:00.000,41.939262335,-87.71335694
704,ASSAULT,2020-04-02T11:46:00.000,41.772179138,-87.62834997700001
705,THEFT,2020-04-02T11:45:00.000,41.85199252,-87.68888873799999
706,THEFT,2020-04-02T11:45:00.000,41.945445097,-87.648642702
707,THEFT,2020-04-02T11:16:00.000,41.956853413000005,-87.68175977899999
708,THEFT,2020-04-02T11:15:00.000,41.815901118,-87.623013703
709,THEFT,2020-04-02T11:10:00.000,41.790194185,-87.646267362
710,BATTERY,2020-04-02T11:00:00.000,41.89837293,-87.625035314
711,CRIMINAL TRESPASS,2020-04-02T11:00:00.000,41.904674107,-87.63450941200001
712,THEFT,2020-04-02T10:50:00.000,41.975334679,-87.692313579
713,CRIMINAL TRESPASS,2020-04-02T10:40:00.000,41.915835651,-87.75287869299999
714,BATTERY,2020-04-02T10:30:00.000,41.856010847,-87.645486277
715,BATTERY,2020-04-02T10:30:00.000,41.807133051,-87.60893407399999
716,THEFT,2020-04-02T10:30:00.000,41.935670378000005,-87.75657997100001
717,OTHER OFFENSE,2020-04-02T10:22:00.000,41.77825534,-87.604654325
718,OTHER OFFENSE,2020-04-02T10:20:00.000,41.807853278,-87.66859264600001
719,THEFT,2020-04-02T10:20:00.000,41.794320837,-87.71828359
720,ROBBERY,2020-04-02T10:10:00.000,41.779914477,-87.60837523200001
721,DECEPTIVE PRACTICE,2020-04-02T10:00:00.000,41.917498226999996,-87.69637221200001
722,THEFT,2020-04-02T10:00:00.000,41.780155734000004,-87.67392372299999
723,CRIMINAL DAMAGE,2020-04-02T10:00:00.000,41.809297059,-87.591967028
724,THEFT,2020-04-02T09:30:00.000,41.767351647,-87.582816839
725,BATTERY,2020-04-02T09:25:00.000,41.979435886,-87.906864845
726,BATTERY,2020-04-02T09:15:00.000,41.966720509,-87.696731524
727,BATTERY,2020-04-02T09:00:00.000,41.88527183,-87.62948040100001
728,CRIMINAL DAMAGE,2020-04-02T09:00:00.000,41.942339209000004,-87.75774754700001
729,MOTOR VEHICLE THEFT,2020-04-02T09:00:00.000,41.657680884,-87.605502809
730,BATTERY,2020-04-02T08:49:00.000,41.884011993,-87.62944281700001
731,MOTOR VEHICLE THEFT,2020-04-02T08:39:00.000,41.790155745,-87.646264106
732,OTHER OFFENSE,2020-04-02T08:30:00.000,41.896284838,-87.743553651
733,OTHER OFFENSE,2020-04-02T08:24:00.000,41.804954693,-87.66659065
734,CRIMINAL TRESPASS,2020-04-02T08:20:00.000,41.927998524,-87.673208159
735,THEFT,2020-04-02T08:15:00.000,41.946561316,-87.713238439
736,BATTERY,2020-04-02T08:02:00.000,41.728286657,-87.64097433200001
737,THEFT,2020-04-02T08:00:00.000,41.934445720999996,-87.708706672
738,MOTOR VEHICLE THEFT,2020-04-02T08:00:00.000,41.785193405,-87.645693756
739,BATTERY,2020-04-02T08:00:00.000,41.772823971,-87.571590211
740,OTHER OFFENSE,2020-04-02T08:00:00.000,41.888883823,-87.71490201299999
741,BURGLARY,2020-04-02T08:00:00.000,41.739457762,-87.720012859
742,BATTERY,2020-04-02T07:45:00.000,41.738648292,-87.550222679
743,OTHER OFFENSE,2020-04-02T07:45:00.000,41.836875622,-87.72484124799999
744,THEFT,2020-04-02T07:40:00.000,41.924402846,-87.664543702
745,ASSAULT,2020-04-02T07:30:00.000,41.922379524,-87.779316361
746,ROBBERY,2020-04-02T07:00:00.000,41.868165405,-87.62743954
747,BATTERY,2020-04-02T07:00:00.000,41.881756669,-87.686445186
748,OTHER OFFENSE,2020-04-02T07:00:00.000,41.691914465,-87.67286324
749,ROBBERY,2020-04-02T06:51:00.000,41.892595664,-87.75307079299999
750,BATTERY,2020-04-02T06:45:00.000,41.843922218,-87.6269207
751,CRIMINAL TRESPASS,2020-04-02T06:10:00.000,41.939932874,-87.751825859
752,DECEPTIVE PRACTICE,2020-04-02T06:05:00.000,41.785893985,-87.694801843
753,CRIMINAL DAMAGE,2020-04-02T06:00:00.000,41.775230047,-87.64588818
754,BATTERY,2020-04-02T06:00:00.000,41.972032064000004,-87.77394022
755,BATTERY,2020-04-02T05:41:00.000,41.864073444,-87.62516437299999
756,BATTERY,2020-04-02T05:16:00.000,41.799067629,-87.606329337
757,DECEPTIVE PRACTICE,2020-04-02T05:10:00.000,41.942714341,-87.764187656
758,BURGLARY,2020-04-02T05:00:00.000,41.716984398,-87.653651689
759,BATTERY,2020-04-02T04:55:00.000,41.731353762,-87.65320714299999
760,CRIMINAL DAMAGE,2020-04-02T04:30:00.000,41.937008551,-87.78955428399999
761,BATTERY,2020-04-02T04:30:00.000,41.75537018,-87.565393944
762,CRIMINAL SEXUAL ASSAULT,2020-04-02T04:00:00.000,41.899574402,-87.715228638
763,THEFT,2020-04-02T04:00:00.000,41.764828904,-87.623284078
764,CRIMINAL DAMAGE,2020-04-02T03:55:00.000,41.776371407,-87.690885521
765,CRIMINAL DAMAGE,2020-04-02T03:49:00.000,41.855749808,-87.72727224
766,BATTERY,2020-04-02T03:48:00.000,41.764779745,-87.67637213
767,DECEPTIVE PRACTICE,2020-04-02T03:25:00.000,41.823192045999996,-87.62158666200001
768,BATTERY,2020-04-02T03:15:00.000,41.766590857,-87.67683018299999
769,BATTERY,2020-04-02T03:10:00.000,41.773465294,-87.670135621
770,WEAPONS VIOLATION,2020-04-02T03:09:00.000,41.906548670999996,-87.762084407
771,CRIMINAL DAMAGE,2020-04-02T03:00:00.000,41.806282112,-87.669767936
772,BURGLARY,2020-04-02T03:00:00.000,41.863948042,-87.708031315
773,THEFT,2020-04-02T03:00:00.000,41.861760576,-87.620814019
774,CRIMINAL SEXUAL ASSAULT,2020-04-02T03:00:00.000,41.782951712,-87.60436282799999
775,BATTERY,2020-04-02T02:30:00.000,41.879288598,-87.74173439799999
776,BATTERY,2020-04-02T02:30:00.000,41.724873161,-87.63064769100001
777,BATTERY,2020-04-02T02:26:00.000,41.805726765,-87.67340482799999
778,CRIMINAL DAMAGE,2020-04-02T02:21:00.000,41.7702494,-87.674501744
779,WEAPONS VIOLATION,2020-04-02T02:00:00.000,41.85626327,-87.70989382399999
780,MOTOR VEHICLE THEFT,2020-04-02T02:00:00.000,41.71342002,-87.645433775
781,OTHER OFFENSE,2020-04-02T02:00:00.000,41.764779745,-87.67637213
782,ROBBERY,2020-04-02T02:00:00.000,41.931518158,-87.747863421
783,BURGLARY,2020-04-02T01:59:00.000,41.721840482,-87.61727759200001
784,CRIMINAL DAMAGE,2020-04-02T01:50:00.000,41.717351485,-87.640674154
785,BATTERY,2020-04-02T01:22:00.000,41.865433064,-87.72392806299999
786,BATTERY,2020-04-02T01:21:00.000,41.760440891,-87.65277913
787,BATTERY,2020-04-02T01:20:00.000,41.757931344,-87.60903319200001
788,BURGLARY,2020-04-02T01:05:00.000,41.953376545,-87.750152275
789,BATTERY,2020-04-02T01:00:00.000,41.73393236,-87.603389597
790,BURGLARY,2020-04-02T01:00:00.000,41.881854366999995,-87.724388981
791,CRIMINAL DAMAGE,2020-04-02T01:00:00.000,41.772998982,-87.576478539
792,BATTERY,2020-04-02T01:00:00.000,41.89506107,-87.673000181
793,WEAPONS VIOLATION,2020-04-02T00:57:00.000,41.833506371999995,-87.67904199799999
794,THEFT,2020-04-02T00:56:00.000,41.772204337,-87.66328599100001
795,ROBBERY,2020-04-02T00:50:00.000,41.882032582,-87.65670124299999
796,ROBBERY,2020-04-02T00:45:00.000,41.747899005,-87.64396279
797,CRIMINAL DAMAGE,2020-04-02T00:43:00.000,41.761988329,-87.564820216
798,THEFT,2020-04-02T00:40:00.000,41.948782822,-87.753421707
799,BURGLARY,2020-04-02T00:30:00.000,41.932435675,-87.745363314
800,THEFT,2020-04-02T00:30:00.000,41.776846363000004,-87.66541539200001
801,BATTERY,2020-04-02T00:27:00.000,41.920170869,-87.710334036
802,WEAPONS VIOLATION,2020-04-02T00:26:00.000,41.767654919,-87.68200626
803,THEFT,2020-04-02T00:25:00.000,41.945361403,-87.766737201
804,THEFT,2020-04-02T00:20:00.000,41.830530933,-87.610277459
805,SEX OFFENSE,2020-04-02T00:01:00.000,,
806,OTHER OFFENSE,2020-04-02T00:00:00.000,41.773255006,-87.66040092
807,THEFT,2020-04-02T00:00:00.000,41.750800932,-87.58831981899999
808,THEFT,2020-04-02T00:00:00.000,41.9334226,-87.679705021
809,THEFT,2020-04-01T23:56:00.000,41.946264373000005,-87.678537261
810,CRIMINAL DAMAGE,2020-04-01T23:55:00.000,41.900884118,-87.72202627799999
811,MOTOR VEHICLE THEFT,2020-04-01T23:55:00.000,42.008077269,-87.690148921
812,PUBLIC PEACE VIOLATION,2020-04-01T23:50:00.000,41.895826124,-87.726096446
813,THEFT,2020-04-01T23:47:00.000,41.764779745,-87.67637213
814,CRIMINAL DAMAGE,2020-04-01T23:46:00.000,42.01837759,-87.681639928
815,BURGLARY,2020-04-01T23:45:00.000,41.872992906,-87.63063219
816,WEAPONS VIOLATION,2020-04-01T23:33:00.000,41.766617035,-87.674212669
817,BATTERY,2020-04-01T23:30:00.000,41.959239131,-87.653535714
818,BATTERY,2020-04-01T23:30:00.000,41.720382956,-87.658960167
819,THEFT,2020-04-01T23:30:00.000,41.909504258000005,-87.755511377
820,ROBBERY,2020-04-01T23:15:00.000,41.677830551999996,-87.62050376200001
821,THEFT,2020-04-01T23:10:00.000,41.954001530999996,-87.691387729
822,WEAPONS VIOLATION,2020-04-01T23:10:00.000,41.752738627,-87.566249896
823,BATTERY,2020-04-01T23:00:00.000,41.794420431999995,-87.707255371
824,ROBBERY,2020-04-01T23:00:00.000,41.78038553,-87.66666557100001
825,BATTERY,2020-04-01T23:00:00.000,41.802747146,-87.61628213200001
826,THEFT,2020-04-01T23:00:00.000,41.859536775,-87.650932835
827,BATTERY,2020-04-01T23:00:00.000,41.8617467,-87.720163537
828,WEAPONS VIOLATION,2020-04-01T22:57:00.000,41.81853989,-87.688398817
829,ROBBERY,2020-04-01T22:54:00.000,41.80099297,-87.65504587
830,MOTOR VEHICLE THEFT,2020-04-01T22:50:00.000,41.954049472,-87.776810634
831,BATTERY,2020-04-01T22:50:00.000,41.90938466,-87.76508998799999
832,BATTERY,2020-04-01T22:44:00.000,41.973459034,-87.75130402399999
833,MOTOR VEHICLE THEFT,2020-04-01T22:30:00.000,41.739647341,-87.596289863
834,BATTERY,2020-04-01T22:30:00.000,41.777503445,-87.61555886100001
835,CRIMINAL DAMAGE,2020-04-01T22:30:00.000,41.821134326,-87.624771883
836,BATTERY,2020-04-01T22:30:00.000,41.903936615999996,-87.726335518
837,BATTERY,2020-04-01T22:21:00.000,41.877470197,-87.67870390200001
838,BATTERY,2020-04-01T22:20:00.000,41.876790076,-87.702317506
839,CRIMINAL TRESPASS,2020-04-01T22:17:00.000,41.884433056,-87.65239764200001
840,SEX OFFENSE,2020-04-01T22:15:00.000,41.776080881,-87.769916063
841,CRIMINAL DAMAGE,2020-04-01T22:15:00.000,41.779697806,-87.61319525799999
842,NARCOTICS,2020-04-01T22:06:00.000,41.751294965999996,-87.604589185
843,WEAPONS VIOLATION,2020-04-01T22:05:00.000,41.798066536,-87.605119409
844,THEFT,2020-04-01T22:00:00.000,41.72233542,-87.585546099
845,CRIMINAL DAMAGE,2020-04-01T22:00:00.000,41.74806235,-87.682801662
846,THEFT,2020-04-01T22:00:00.000,41.766532839,-87.62013853
847,BATTERY,2020-04-01T21:52:00.000,41.809253313,-87.625045881
848,CRIMINAL DAMAGE,2020-04-01T21:42:00.000,41.789839410999996,-87.78782596
849,ROBBERY,2020-04-01T21:40:00.000,41.808427659,-87.685063341
850,CRIMINAL DAMAGE,2020-04-01T21:30:00.000,41.753301733,-87.661899406
851,BATTERY,2020-04-01T21:30:00.000,41.705677781999995,-87.600944364
852,BATTERY,2020-04-01T21:27:00.000,41.791939738,-87.622394555
853,BATTERY,2020-04-01T21:21:00.000,41.913546356,-87.78514259100001
854,BATTERY,2020-04-01T21:20:00.000,41.705947689,-87.560855356
855,BATTERY,2020-04-01T21:15:00.000,41.7615614,-87.59087470600001
856,MOTOR VEHICLE THEFT,2020-04-01T21:00:00.000,41.680393422,-87.66144615399999
857,BATTERY,2020-04-01T21:00:00.000,41.878631263,-87.764808046
858,THEFT,2020-04-01T21:00:00.000,41.781802397,-87.700782134
859,BATTERY,2020-04-01T21:00:00.000,41.770620956,-87.60816095700001
860,ASSAULT,2020-04-01T21:00:00.000,41.734959764,-87.545779334
861,OTHER OFFENSE,2020-04-01T21:00:00.000,42.001678188,-87.67329330700001
862,MOTOR VEHICLE THEFT,2020-04-01T21:00:00.000,41.971439815,-87.695117989
863,BURGLARY,2020-04-01T21:00:00.000,41.998215944,-87.69234151399999
864,MOTOR VEHICLE THEFT,2020-04-01T20:55:00.000,41.866457030999996,-87.774163969
865,BATTERY,2020-04-01T20:54:00.000,41.665782714,-87.552076179
866,ASSAULT,2020-04-01T20:36:00.000,41.689796871999995,-87.62867903
867,BATTERY,2020-04-01T20:30:00.000,41.926052696999996,-87.749684615
868,ROBBERY,2020-04-01T20:30:00.000,41.804911724,-87.664863565
869,MOTOR VEHICLE THEFT,2020-04-01T20:30:00.000,41.999443101,-87.69637604
870,CRIMINAL DAMAGE,2020-04-01T20:23:00.000,41.788354953,-87.66808641700001
871,ASSAULT,2020-04-01T20:17:00.000,41.736014042,-87.647739115
872,BATTERY,2020-04-01T20:15:00.000,41.862365191,-87.71830373200001
873,ASSAULT,2020-04-01T20:15:00.000,42.016070938,-87.66703218100001
874,BATTERY,2020-04-01T20:08:00.000,41.748746243,-87.611225265
875,CRIMINAL DAMAGE,2020-04-01T20:00:00.000,41.727747115,-87.66526479999999
876,BATTERY,2020-04-01T20:00:00.000,41.769707973,-87.68206247299999
877,ASSAULT,2020-04-01T20:00:00.000,41.924755747,-87.703160605
878,THEFT,2020-04-01T20:00:00.000,41.912398267,-87.723966484
879,MOTOR VEHICLE THEFT,2020-04-01T20:00:00.000,41.883641965,-87.64857951399999
880,ROBBERY,2020-04-01T20:00:00.000,41.885487535,-87.726422045
881,OTHER OFFENSE,2020-04-01T20:00:00.000,41.969788292,-87.676233465
882,ASSAULT,2020-04-01T19:50:00.000,,
883,ASSAULT,2020-04-01T19:50:00.000,41.757403021,-87.616684493
884,CRIMINAL DAMAGE,2020-04-01T19:45:00.000,,
885,ROBBERY,2020-04-01T19:44:00.000,41.735893334000004,-87.656075685
886,BATTERY,2020-04-01T19:43:00.000,41.829389915,-87.60689263399999
887,BATTERY,2020-04-01T19:33:00.000,41.984476213,-87.66829962899999
888,BATTERY,2020-04-01T19:30:00.000,41.80859321,-87.665577234
889,THEFT,2020-04-01T19:28:00.000,41.75089628,-87.62776933399999
890,CRIMINAL DAMAGE,2020-04-01T19:20:00.000,41.873789876,-87.69671458100001
891,WEAPONS VIOLATION,2020-04-01T19:13:00.000,41.74934346,-87.611933174
892,MOTOR VEHICLE THEFT,2020-04-01T19:00:00.000,41.851988885,-87.689219118
893,BURGLARY,2020-04-01T19:00:00.000,41.787561095,-87.69850710899999
894,THEFT,2020-04-01T19:00:00.000,41.756772166,-87.722175346
895,MOTOR VEHICLE THEFT,2020-04-01T19:00:00.000,41.877621321999996,-87.77373618
896,THEFT,2020-04-01T19:00:00.000,41.915153383,-87.68002740799999
897,ASSAULT,2020-04-01T18:58:00.000,41.798569683000004,-87.743533609
898,BATTERY,2020-04-01T18:54:00.000,41.934422689,-87.736888404
899,BATTERY,2020-04-01T18:54:00.000,41.768546072,-87.664207499
900,PUBLIC PEACE VIOLATION,2020-04-01T18:50:00.000,41.765990089,-87.67113267100001
901,PUBLIC PEACE VIOLATION,2020-04-01T18:50:00.000,41.765990089,-87.67113267100001
902,ASSAULT,2020-04-01T18:30:00.000,41.881943893,-87.734104775
903,ASSAULT,2020-04-01T18:30:00.000,41.856592299,-87.694363364
904,MOTOR VEHICLE THEFT,2020-04-01T18:30:00.000,41.772998982,-87.576478539
905,BATTERY,2020-04-01T18:20:00.000,41.881790794000004,-87.62435551600001
906,BATTERY,2020-04-01T18:20:00.000,41.762182581,-87.69418661700001
907,THEFT,2020-04-01T18:00:00.000,41.872246886999996,-87.657215684
908,CRIMINAL DAMAGE,2020-04-01T18:00:00.000,41.771018549000004,-87.622599956
909,BATTERY,2020-04-01T18:00:00.000,41.845548807,-87.70872432600001
910,THEFT,2020-04-01T18:00:00.000,41.752991015,-87.558466465
911,BATTERY,2020-04-01T18:00:00.000,41.787291181,-87.69240089799999
912,BATTERY,2020-04-01T18:00:00.000,41.866578077,-87.624134464
913,MOTOR VEHICLE THEFT,2020-04-01T18:00:00.000,41.86304084,-87.666288555
914,ASSAULT,2020-04-01T18:00:00.000,41.715285614,-87.568914995
915,BURGLARY,2020-04-01T17:50:00.000,41.943280185999996,-87.755504246
916,BATTERY,2020-04-01T17:50:00.000,41.903113054,-87.643199348
917,CRIMINAL DAMAGE,2020-04-01T17:48:00.000,41.744322796,-87.653572305
918,BATTERY,2020-04-01T17:47:00.000,41.851050014,-87.70400936200001
919,MOTOR VEHICLE THEFT,2020-04-01T17:30:00.000,41.894171566,-87.707732924
920,OTHER OFFENSE,2020-04-01T17:30:00.000,41.764792808,-87.675298003
921,ASSAULT,2020-04-01T17:30:00.000,41.812431209,-87.60443216799999
922,CRIMINAL DAMAGE,2020-04-01T17:23:00.000,41.789249748,-87.62185590899999
923,ASSAULT,2020-04-01T17:04:00.000,41.923661276,-87.78680144799999
924,DECEPTIVE PRACTICE,2020-04-01T17:00:00.000,41.975606477,-87.651839165
925,DECEPTIVE PRACTICE,2020-04-01T17:00:00.000,41.918987498,-87.80609481399999
926,THEFT,2020-04-01T17:00:00.000,41.82689231,-87.704524858
927,BURGLARY,2020-04-01T17:00:00.000,41.717391716,-87.64188611200001
928,OTHER OFFENSE,2020-04-01T17:00:00.000,41.946287558,-87.79966502299999
929,THEFT,2020-04-01T17:00:00.000,41.881155761,-87.68694698799999
930,CRIMINAL SEXUAL ASSAULT,2020-04-01T17:00:00.000,41.792195498000005,-87.604958508
931,CRIMINAL DAMAGE,2020-04-01T16:55:00.000,41.766655655,-87.638388243
932,THEFT,2020-04-01T16:50:00.000,41.976851851999996,-87.654999693
933,BATTERY,2020-04-01T16:49:00.000,42.001721635,-87.670831555
934,ROBBERY,2020-04-01T16:42:00.000,41.76978405,-87.65909551799999
935,ASSAULT,2020-04-01T16:41:00.000,41.763454279,-87.565304885
936,BATTERY,2020-04-01T16:40:00.000,41.839410287,-87.64631363299999
937,THEFT,2020-04-01T16:30:00.000,41.89604714,-87.668872585
938,THEFT,2020-04-01T16:22:00.000,41.879361356,-87.63587954399999
939,BATTERY,2020-04-01T16:19:00.000,41.811197518,-87.69551533
940,BATTERY,2020-04-01T16:18:00.000,41.916930759,-87.746431558
941,DECEPTIVE PRACTICE,2020-04-01T16:15:00.000,41.874495507,-87.714350446
942,THEFT,2020-04-01T16:10:00.000,41.965575448,-87.709597709
943,HOMICIDE,2020-04-01T16:08:00.000,41.846354841,-87.703556236
944,THEFT,2020-04-01T16:07:00.000,41.779727631,-87.646294774
945,THEFT,2020-04-01T16:00:00.000,41.651431329,-87.527258234
946,OTHER OFFENSE,2020-04-01T16:00:00.000,41.705712736,-87.536493963
947,CRIMINAL TRESPASS,2020-04-01T16:00:00.000,41.649534327,-87.535027885
948,THEFT,2020-04-01T16:00:00.000,41.750490827,-87.65430247399999
949,MOTOR VEHICLE THEFT,2020-04-01T16:00:00.000,41.760217952,-87.68057138799999
950,MOTOR VEHICLE THEFT,2020-04-01T16:00:00.000,41.94784491,-87.755720344
951,THEFT,2020-04-01T16:00:00.000,41.994612052,-87.72394434200001
952,THEFT,2020-04-01T16:00:00.000,41.890107481,-87.70324051
953,THEFT,2020-04-01T16:00:00.000,41.882545904000004,-87.730628888
954,BATTERY,2020-04-01T15:55:00.000,41.852446361,-87.69546540700001
955,BATTERY,2020-04-01T15:53:00.000,41.910120500000005,-87.706118715
956,BATTERY,2020-04-01T15:52:00.000,41.716174486,-87.57093728
957,THEFT,2020-04-01T15:50:00.000,41.901976339,-87.71587402200001
958,BATTERY,2020-04-01T15:40:00.000,41.862914700000005,-87.709774147
959,CRIMINAL DAMAGE,2020-04-01T15:36:00.000,41.828194666,-87.659315849
960,WEAPONS VIOLATION,2020-04-01T15:34:00.000,41.682592607,-87.61575435600001
961,THEFT,2020-04-01T15:30:00.000,41.765199367,-87.57934868
962,BATTERY,2020-04-01T15:30:00.000,41.783809894,-87.61997642899999
963,BATTERY,2020-04-01T15:30:00.000,41.867801437,-87.69960464
964,THEFT,2020-04-01T15:30:00.000,41.880489945,-87.74588749899999
965,CRIMINAL DAMAGE,2020-04-01T15:30:00.000,41.721620575,-87.631452369
966,BATTERY,2020-04-01T15:30:00.000,41.778099133000005,-87.633828531
967,BURGLARY,2020-04-01T15:26:00.000,41.986662299,-87.712202067
968,THEFT,2020-04-01T15:25:00.000,41.979962633,-87.80697865799999
969,THEFT,2020-04-01T15:25:00.000,42.012436228,-87.812723639
970,ASSAULT,2020-04-01T15:15:00.000,41.772654834,-87.583843806
971,BATTERY,2020-04-01T15:15:00.000,41.775428827,-87.660458852
972,THEFT,2020-04-01T15:10:00.000,41.880407862,-87.62616279
973,THEFT,2020-04-01T15:04:00.000,41.695667141,-87.61102108899999
974,ASSAULT,2020-04-01T15:00:00.000,41.878724477,-87.678250459
975,THEFT,2020-04-01T15:00:00.000,41.863072556,-87.62573342700001
976,DECEPTIVE PRACTICE,2020-04-01T15:00:00.000,,
977,THEFT,2020-04-01T15:00:00.000,41.810412567,-87.621240291
978,DECEPTIVE PRACTICE,2020-04-01T15:00:00.000,41.683348289,-87.669813475
979,THEFT,2020-04-01T15:00:00.000,41.94016584,-87.68563831
980,CRIMINAL DAMAGE,2020-04-01T15:00:00.000,41.952758475,-87.746261068
981,THEFT,2020-04-01T15:00:00.000,41.742710224,-87.63408818100001
982,CRIMINAL DAMAGE,2020-04-01T15:00:00.000,41.772582694,-87.568319379
983,ASSAULT,2020-04-01T14:59:00.000,41.878770604,-87.73392511700001
984,ROBBERY,2020-04-01T14:45:00.000,41.766102387,-87.573539169
985,BATTERY,2020-04-01T14:43:00.000,41.895003278000004,-87.62152816
986,BATTERY,2020-04-01T14:38:00.000,41.721036136,-87.62743673700001
987,DECEPTIVE PRACTICE,2020-04-01T14:31:00.000,41.924130901999995,-87.754398296
988,BATTERY,2020-04-01T14:30:00.000,41.904598353000004,-87.712546284
989,SEX OFFENSE,2020-04-01T14:30:00.000,41.795815065999996,-87.671133793
990,OTHER OFFENSE,2020-04-01T14:30:00.000,41.979607091999995,-87.810846967
991,CRIMINAL DAMAGE,2020-04-01T14:30:00.000,41.968962543,-87.715826929
992,THEFT,2020-04-01T14:30:00.000,41.941841653000004,-87.749426703
993,THEFT,2020-04-01T14:27:00.000,41.932738985,-87.648117094
994,BATTERY,2020-04-01T14:23:00.000,41.704387497,-87.62673265
995,DECEPTIVE PRACTICE,2020-04-01T14:21:00.000,41.961108163,-87.71472253700001
996,CRIMINAL DAMAGE,2020-04-01T14:15:00.000,41.882114361999996,-87.632361012
997,DECEPTIVE PRACTICE,2020-04-01T14:13:00.000,41.962222376999996,-87.65544167799999
998,ASSAULT,2020-04-01T14:12:00.000,41.744930985,-87.61637615299999
999,CRIMINAL DAMAGE,2020-04-01T14:11:00.000,41.883574366,-87.709947881
